<?xml version="1.0" ?>
<Prebuild version="1.10" xmlns="http://dnpb.sourceforge.net/schemas/prebuild-1.10.xsd">
	<Solution activeConfig="Debug" name="OpenBYOND" path="./" version="0.0.1">
		<Configuration name="Debug">
			<Options>
				<CompilerDefines>TRACE;DEBUG</CompilerDefines>
				<OptimizeCode>false</OptimizeCode>
				<CheckUnderflowOverflow>false</CheckUnderflowOverflow>
				<AllowUnsafe>false</AllowUnsafe>
				<WarningLevel>4</WarningLevel>
				<WarningsAsErrors>false</WarningsAsErrors>
				<SuppressWarnings/>
				<OutputPath>bin</OutputPath>
				<DebugInformation>true</DebugInformation>
				<IncrementalBuild>true</IncrementalBuild>
				<NoStdLib>false</NoStdLib>
			</Options>
		</Configuration>
		<Configuration name="Release">
			<Options>
				<CompilerDefines>TRACE</CompilerDefines>
				<OptimizeCode>true</OptimizeCode>
				<CheckUnderflowOverflow>false</CheckUnderflowOverflow>
				<AllowUnsafe>false</AllowUnsafe>
				<WarningLevel>4</WarningLevel>
				<WarningsAsErrors>false</WarningsAsErrors>
				<SuppressWarnings/>
				<OutputPath>bin</OutputPath>
				<DebugInformation>false</DebugInformation>
				<IncrementalBuild>true</IncrementalBuild>
				<NoStdLib>false</NoStdLib>
			</Options>
		</Configuration> 
		
		<Project frameworkVersion="v4_0" name="LibOpenBYOND" path="LibOpenBYOND" type="Library" rootNamespace="OpenBYOND">
			<Configuration name="Debug">
				<Options>
					<OutputPath>../bin/</OutputPath>
				</Options>
			</Configuration>
			<Configuration name="Release">
				<Options>
					<OutputPath>../bin/</OutputPath>
				</Options>
			</Configuration>
			
			<ReferencePath>../bin/</ReferencePath>
			
			<Reference name="log4net" path="../bin/" />
			<Reference name="Pngcs" path="../bin/" />
			<Reference name="ICSharpCode.SharpZipLib" path="../bin/" />
			
			<!-- MonoGame -->
			<Reference name="MonoGame.Framework" path="../bin/" />
			<Reference name="OpenTK" path="../bin/" />
			<Reference name="Tao.Sdl" path="../bin/" />
			
			<!-- Irony parsing framework. -->
			<Reference name="Irony" path="../bin/" />
			<Reference name="Irony.Interpreter" path="../bin/" />
			
			<Reference name="System" />
			<Reference name="System.Core" />
			<Reference name="System.Xml" />
			<Reference name="System.Xml.Linq" />
			
			<Files>
				<Match pattern="*.cs" recurse="true"/>
			</Files>
		</Project>
		
		<Project frameworkVersion="v4_0" name="OpenBYONDClient" path="OpenBYONDClient" type="WinExe" rootNamespace="OpenBYOND.Client">
			<Configuration name="Debug">
				<Options>
					<OutputPath>../bin/</OutputPath>
				</Options>
			</Configuration>
			<Configuration name="Release">
				<Options>
					<OutputPath>../bin/</OutputPath>
				</Options>
			</Configuration>
			
			<ReferencePath>../bin/</ReferencePath>
			
			<Reference name="LibOpenBYOND" path="../bin/" />
			
			<Reference name="log4net" path="../bin/" />
			<Reference name="Pngcs" path="../bin/" />
			<Reference name="ICSharpCode.SharpZipLib" path="../bin/" />
			
			<!-- MonoGame -->
			<Reference name="MonoGame.Framework" path="../bin/" />
			<Reference name="OpenTK" path="../bin/" />
			<Reference name="Tao.Sdl" path="../bin/" />
			
			<!-- Irony parsing framework. -->
			<!--
			<Reference name="Irony" path="../bin/" />
			<Reference name="Irony.Interpreter" path="../bin/" />
			-->
			
			<Reference name="System" />
			<Reference name="System.Core" />
			<Reference name="System.Xml" />
			<Reference name="System.Xml.Linq" />
			
			<Files>
				<Match pattern="*.cs" recurse="true"/>
			</Files>
		</Project>
		
		<Project frameworkVersion="v4_0" name="OpenBYOND.Test" path="OpenBYOND.Test" type="Library" rootNamespace="OpenBYOND.Test">
			<Configuration name="Debug">
				<Options>
					<OutputPath>../bin/</OutputPath>
				</Options>
			</Configuration>
			<Configuration name="Release">
				<Options>
					<OutputPath>../bin/</OutputPath>
				</Options>
			</Configuration>
			
			<ReferencePath>../bin/</ReferencePath>
			
			<Reference name="LibOpenBYOND" path="../bin/" />
			
			<Reference name="log4net" path="../bin/" />
			<Reference name="Pngcs" path="../bin/" />
			<Reference name="ICSharpCode.SharpZipLib" path="../bin/" />
			
			<!-- MonoGame -->
			<Reference name="MonoGame.Framework" path="../bin/" />
			<Reference name="OpenTK" path="../bin/" />
			<Reference name="Tao.Sdl" path="../bin/" />
			
			<!-- Irony parsing framework. -->
			<Reference name="Irony" path="../bin/" />
			<Reference name="Irony.Interpreter" path="../bin/" />

			<!-- Unit Testing. -->
			<Reference name="nunit.framework" path="../bin/nunit/" />
			
			<Reference name="System" />
			<Reference name="System.Core" />
			<Reference name="System.Xml" />
			<Reference name="System.Xml.Linq" />
			
			<Files>
				<Match pattern="*.cs" recurse="true"/>
			</Files>
		</Project>
	</Solution>
</Prebuild>
